"name","n_kde_cells","n_na_cells","percent_na"
"Alkefjellet_NOS.4182652_2015",675,208,30.8148148148148
"Alkefjellet_NOS.4182652_2016",739,253,34.2354533152909
"Alkefjellet_NOS.4182653_2015",595,219,36.8067226890756
"Alkefjellet_NOS.4182653_2016",744,224,30.1075268817204
"Alkefjellet_NOS.4182653_2017",680,176,25.8823529411765
"Alkefjellet_NOS.4182653_2018",766,285,37.2062663185379
"Alkefjellet_NOS.4182653_2019",604,79,13.0794701986755
"Alkefjellet_NOS.4182653_2020",413,55,13.317191283293
"Alkefjellet_NOS.4182654_2015",777,356,45.8172458172458
"Alkefjellet_NOS.4182654_2016",627,279,44.4976076555024
"Alkefjellet_NOS.4182654_2017",776,340,43.8144329896907
"Alkefjellet_NOS.4182654_2018",583,201,34.4768439108062
"Alkefjellet_NOS.4182655_2015",621,268,43.1561996779388
"Alkefjellet_NOS.4182655_2016",873,418,47.8808705612829
"Alkefjellet_NOS.4182655_2017",867,494,56.9780853517878
"Alkefjellet_NOS.4182656_2016",780,448,57.4358974358974
"Alkefjellet_NOS.4182657_2016",759,430,56.6534914361001
"Alkefjellet_NOS.4182657_2018",942,515,54.6709129511677
"Alkefjellet_NOS.4182657_2019",598,176,29.4314381270903
"Alkefjellet_NOS.4182657_2020",747,399,53.4136546184739
"Alkefjellet_NOS.4182658_2016",569,201,35.3251318101933
"Alkefjellet_NOS.4182658_2017",769,393,51.1053315994798
"Alkefjellet_NOS.4182658_2018",547,168,30.7129798903108
"Alkefjellet_NOS.4182658_2019",314,26,8.28025477707006
"Alkefjellet_NOS.4182659_2016",615,194,31.5447154471545
"Alkefjellet_NOS.4182659_2018",526,142,26.9961977186312
"Alkefjellet_NOS.4182659_2019",454,73,16.079295154185
"Alkefjellet_NOS.4182661_2016",739,306,41.4073071718539
"Alkefjellet_NOS.4182661_2017",1090,490,44.954128440367
"Alkefjellet_NOS.4182661_2018",489,107,21.881390593047
"Alkefjellet_NOS.4182661_2019",482,113,23.4439834024896
"Alkefjellet_NOS.4182661_2020",524,158,30.1526717557252
"Alkefjellet_NOS.4182662_2016",516,183,35.4651162790698
"Alkefjellet_NOS.4182662_2017",687,282,41.0480349344978
"Alkefjellet_NOS.4182663_2016",583,278,47.6843910806175
"Alkefjellet_NOS.4182663_2017",452,71,15.7079646017699
"Alkefjellet_NOS.4182663_2018",500,97,19.4
"Alkefjellet_NOS.4182664_2016",445,174,39.1011235955056
"Alkefjellet_NOS.4182664_2017",398,90,22.6130653266332
"Alkefjellet_NOS.4182664_2018",378,79,20.8994708994709
"Alkefjellet_NOS.4182664_2019",551,236,42.8312159709619
"Alkefjellet_NOS.4182664_2020",381,88,23.0971128608924
"Alkefjellet_NOS.4182665_2016",626,120,19.1693290734824
"Alkefjellet_NOS.4182665_2017",468,117,25
"Alkefjellet_NOS.4182667_2018",609,165,27.0935960591133
"Alkefjellet_NOS.4182667_2019",903,420,46.5116279069767
"Alkefjellet_NOS.4186205_2020",474,124,26.1603375527426
"Bjørnøya_NOS.4181262_2014",417,69,16.5467625899281
"Bjørnøya_NOS.4181262_2015",390,75,19.2307692307692
"Bjørnøya_NOS.4181268_2015",347,88,25.3602305475504
"Bjørnøya_NOS.4181271_2015",579,192,33.160621761658
"Bjørnøya_NOS.4182521_2014",385,76,19.7402597402597
"Bjørnøya_NOS.4182523_2014",427,97,22.7166276346604
"Bjørnøya_NOS.4182523_2015",378,75,19.8412698412698
"Bjørnøya_NOS.4182523_2016",409,113,27.6283618581907
"Bjørnøya_NOS.4182525_2014",434,62,14.2857142857143
"Bjørnøya_NOS.4182526_2014",431,129,29.9303944315545
"Bjørnøya_NOS.4182526_2015",436,99,22.7064220183486
"Bjørnøya_NOS.4182526_2016",612,191,31.2091503267974
"Bjørnøya_NOS.4182528_2014",491,115,23.4215885947047
"Bjørnøya_NOS.4182528_2015",461,92,19.9566160520607
"Bjørnøya_NOS.4182528_2016",457,89,19.4748358862144
"Bjørnøya_NOS.4182531_2014",366,94,25.6830601092896
"Bjørnøya_NOS.4182531_2015",474,151,31.8565400843882
"Bjørnøya_NOS.4182531_2016",484,147,30.3719008264463
"Bjørnøya_NOS.4182533_2014",358,78,21.7877094972067
"Bjørnøya_NOS.4182533_2015",439,100,22.7790432801822
"Bjørnøya_NOS.4182533_2016",555,162,29.1891891891892
"Bjørnøya_NOS.4182533_2017",369,51,13.8211382113821
"Bjørnøya_NOS.4182533_2018",366,28,7.65027322404372
"Bjørnøya_NOS.4182534_2014",727,250,34.3878954607978
"Bjørnøya_NOS.4182534_2015",704,243,34.5170454545455
"Bjørnøya_NOS.4182534_2016",528,160,30.3030303030303
"Bjørnøya_NOS.4182534_2018",493,145,29.4117647058824
"Bjørnøya_NOS.4182535_2014",364,59,16.2087912087912
"Bjørnøya_NOS.4182535_2015",308,61,19.8051948051948
"Bjørnøya_NOS.4182537_2014",361,40,11.0803324099723
"Bjørnøya_NOS.4182537_2015",446,114,25.5605381165919
"Bjørnøya_NOS.4182537_2016",358,89,24.8603351955307
"Bjørnøya_NOS.4182537_2017",436,79,18.1192660550459
"Bjørnøya_NOS.4182538_2014",356,61,17.1348314606742
"Bjørnøya_NOS.4182538_2015",560,228,40.7142857142857
"Bjørnøya_NOS.4182539_2014",518,156,30.1158301158301
"Bjørnøya_NOS.4182539_2015",579,228,39.3782383419689
"Bjørnøya_NOS.4182539_2016",572,265,46.3286713286713
"Bjørnøya_NOS.4182541_2014",351,76,21.6524216524217
"Bjørnøya_NOS.4182541_2015",295,50,16.9491525423729
"Bjørnøya_NOS.4182541_2016",441,102,23.1292517006803
"Bjørnøya_NOS.4182542_2014",380,84,22.1052631578947
"Bjørnøya_NOS.4182542_2015",364,71,19.5054945054945
"Bjørnøya_NOS.4182543_2014",440,63,14.3181818181818
"Bjørnøya_NOS.4182544_2014",594,179,30.1346801346801
"Bjørnøya_NOS.4182544_2015",531,190,35.7815442561205
"Bjørnøya_NOS.4182545_2014",305,63,20.655737704918
"Bjørnøya_NOS.4182545_2015",532,143,26.8796992481203
"Bjørnøya_NOS.4182546_2014",545,196,35.9633027522936
"Bjørnøya_NOS.4182546_2015",460,180,39.1304347826087
"Bjørnøya_NOS.4182546_2016",504,154,30.5555555555556
"Bjørnøya_NOS.4182546_2017",728,234,32.1428571428571
"Bjørnøya_NOS.4182548_2014",369,73,19.7831978319783
"Bjørnøya_NOS.4182548_2015",398,97,24.3718592964824
"Bjørnøya_NOS.4182548_2016",324,65,20.0617283950617
"Bjørnøya_NOS.4182549_2014",518,103,19.8841698841699
"Bjørnøya_NOS.4182549_2015",482,106,21.9917012448133
"Bjørnøya_NOS.4182549_2016",559,103,18.4257602862254
"Bjørnøya_NOS.4182549_2017",547,107,19.5612431444241
"Bjørnøya_NOS.4214401_2014",398,55,13.8190954773869
"Bjørnøya_NOS.4214401_2016",470,78,16.5957446808511
"Bjørnøya_NOS.4214403_2015",613,242,39.4779771615008
"Bjørnøya_NOS.4214403_2016",661,300,45.3857791225416
"Bjørnøya_NOS.4214403_2017",563,149,26.4653641207815
"Bjørnøya_NOS.4214405_2016",497,75,15.0905432595573
"Bjørnøya_NOS.4214405_2017",406,64,15.7635467980296
"Bjørnøya_NOS.4214405_2018",395,88,22.2784810126582
"Bjørnøya_NOS.4214408_2015",484,114,23.5537190082645
"Bjørnøya_NOS.4214408_2016",471,68,14.4373673036093
"Bjørnøya_NOS.4214408_2017",634,176,27.7602523659306
"Bjørnøya_NOS.4214433_2016",483,120,24.8447204968944
"Bjørnøya_NOS.4214433_2017",530,147,27.7358490566038
"Bjørnøya_NOS.4214434_2016",432,88,20.3703703703704
"Bjørnøya_NOS.4214434_2017",506,177,34.9802371541502
"Bjørnøya_NOS.4214435_2016",339,73,21.5339233038348
"Bjørnøya_NOS.4214435_2017",478,158,33.0543933054393
"Bjørnøya_NOS.4214435_2018",407,93,22.8501228501229
"Bjørnøya_NOS.4282351_2017",556,179,32.1942446043165
"Bjørnøya_NOS.4282351_2018",442,114,25.7918552036199
"Bjørnøya_NOS.4282353_2017",534,103,19.2883895131086
"Bjørnøya_NOS.4282356_2017",536,178,33.2089552238806
"Bjørnøya_NOS.4282356_2018",513,180,35.0877192982456
"Bjørnøya_NOS.4282357_2017",405,119,29.3827160493827
"Bjørnøya_NOS.4282357_2018",416,155,37.2596153846154
"Bjørnøya_NOS.4282358_2017",390,60,15.3846153846154
"Bjørnøya_NOS.4282358_2018",525,146,27.8095238095238
"Bjørnøya_NOS.4282361_2017",500,140,28
"Bjørnøya_NOS.4282361_2018",366,48,13.1147540983607
"Bjørnøya_NOS.4282362_2017",388,71,18.2989690721649
"Bjørnøya_NOS.4282362_2018",437,66,15.1029748283753
"Bjørnøya_NOS.5109523_2014",456,108,23.6842105263158
"Eynhallow_GBT.FA82356_2008",562,81,14.4128113879004
"Eynhallow_GBT.FA82356_2009",456,5,1.09649122807018
"Eynhallow_GBT.FA82356_2010",328,3,0.914634146341463
"Eynhallow_GBT.FC14562_2014",752,16,2.12765957446809
"Eynhallow_GBT.FC14562_2015",869,17,1.95627157652474
"Eynhallow_GBT.FC14562_2016",777,232,29.8584298584299
"Eynhallow_GBT.FC14562_2017",458,22,4.80349344978166
"Eynhallow_GBT.FC14562_2018",423,4,0.945626477541371
"Eynhallow_GBT.FC14766_2006",323,6,1.85758513931889
"Eynhallow_GBT.FC14766_2007",367,8,2.17983651226158
"Eynhallow_GBT.FC14766_2008",269,8,2.97397769516729
"Eynhallow_GBT.FC14766_2009",356,8,2.24719101123596
"Eynhallow_GBT.FC14766_2010",233,4,1.71673819742489
"Eynhallow_GBT.FC14766_2011",283,8,2.82685512367491
"Eynhallow_GBT.FC14766_2015",198,7,3.53535353535354
"Eynhallow_GBT.FC14766_2016",197,6,3.04568527918782
"Eynhallow_GBT.FC14836_2008",432,4,0.925925925925926
"Eynhallow_GBT.FC14836_2010",425,9,2.11764705882353
"Eynhallow_GBT.FC14839_2008",234,8,3.41880341880342
"Eynhallow_GBT.FC14839_2009",207,3,1.44927536231884
"Eynhallow_GBT.FC14839_2010",387,5,1.29198966408269
"Eynhallow_GBT.FC28752_2015",313,7,2.23642172523962
"Eynhallow_GBT.FC28752_2018",422,6,1.4218009478673
"Eynhallow_GBT.FC28752_2019",561,16,2.85204991087344
"Eynhallow_GBT.FC28752_2020",233,8,3.43347639484979
"Eynhallow_GBT.FC28841_2009",276,3,1.08695652173913
"Eynhallow_GBT.FC28841_2010",305,5,1.63934426229508
"Eynhallow_GBT.FC28841_2011",446,6,1.34529147982063
"Eynhallow_GBT.FC28841_2015",305,6,1.9672131147541
"Eynhallow_GBT.FC28975_2009",558,4,0.716845878136201
"Eynhallow_GBT.FC28975_2010",594,4,0.673400673400673
"Eynhallow_GBT.FC28999_2008",323,8,2.47678018575851
"Eynhallow_GBT.FC28999_2009",240,3,1.25
"Eynhallow_GBT.FC28999_2010",257,6,2.33463035019455
"Eynhallow_GBT.FC28999_2014",195,6,3.07692307692308
"Eynhallow_GBT.FC28999_2015",223,7,3.1390134529148
"Eynhallow_GBT.FC71061_2010",697,7,1.00430416068867
"Eynhallow_GBT.FC71061_2011",666,3,0.45045045045045
"Eynhallow_GBT.FC71061_2012",492,5,1.01626016260163
"Eynhallow_GBT.FC71061_2017",900,4,0.444444444444444
"Eynhallow_GBT.FC88717_2016",256,4,1.5625
"Eynhallow_GBT.FC88748_2016",567,6,1.05820105820106
"Eynhallow_GBT.FC88748_2017",536,10,1.86567164179104
"Eynhallow_GBT.FH89003_2018",246,8,3.2520325203252
"Eynhallow_GBT.FH89003_2019",221,5,2.26244343891403
"Eynhallow_GBT.FH89003_2020",275,7,2.54545454545455
"Eynhallow_GBT.FH89004_2015",429,7,1.63170163170163
"Eynhallow_GBT.FH89004_2017",498,5,1.00401606425703
"Eynhallow_GBT.FH89004_2018",555,8,1.44144144144144
"Eynhallow_GBT.FH89005_2019",187,5,2.67379679144385
"Eynhallow_GBT.FH89005_2020",157,6,3.82165605095541
"Eynhallow_GBT.FH89008_2014",462,9,1.94805194805195
"Eynhallow_GBT.FH89013_2014",208,5,2.40384615384615
"Eynhallow_GBT.FH89013_2015",215,7,3.25581395348837
"Eynhallow_GBT.FH89014_2017",752,18,2.3936170212766
"Eynhallow_GBT.FH89016_2014",297,4,1.34680134680135
"Eynhallow_GBT.FH89016_2019",273,3,1.0989010989011
"Eynhallow_GBT.FH89016_2020",298,7,2.3489932885906
"Eynhallow_GBT.FH89017_2014",245,3,1.22448979591837
"Eynhallow_GBT.FH89018_2014",200,10,5
"Eynhallow_GBT.FH89020_2014",650,3,0.461538461538462
"Eynhallow_GBT.FH89020_2015",475,3,0.631578947368421
"Eynhallow_GBT.FH89020_2016",641,5,0.78003120124805
"Eynhallow_GBT.FH89020_2017",513,4,0.779727095516569
"Eynhallow_GBT.FH89020_2018",596,7,1.1744966442953
"Eynhallow_GBT.FH89020_2019",578,5,0.865051903114187
"Eynhallow_GBT.FH89020_2020",383,5,1.30548302872063
"Eynhallow_GBT.FH89021_2014",704,8,1.13636363636364
"Eynhallow_GBT.FH89021_2015",933,119,12.7545551982851
"Eynhallow_GBT.FH89021_2016",485,341,70.3092783505155
"Eynhallow_GBT.FH89023_2015",671,61,9.09090909090909
"Eynhallow_GBT.FH89023_2017",618,50,8.09061488673139
"Eynhallow_GBT.FH89023_2018",538,10,1.85873605947955
"Eynhallow_GBT.FH89023_2019",549,10,1.82149362477231
"Eynhallow_GBT.FH89023_2020",487,13,2.6694045174538
"Eynhallow_GBT.FH89025_2015",251,4,1.59362549800797
"Eynhallow_GBT.FH89025_2016",470,4,0.851063829787234
"Eynhallow_GBT.FH89025_2017",370,5,1.35135135135135
"Eynhallow_GBT.FH89027_2015",274,8,2.91970802919708
"Eynhallow_GBT.FH89031_2015",373,3,0.804289544235925
"Eynhallow_GBT.FH89031_2016",247,4,1.61943319838057
"Eynhallow_GBT.FH89031_2017",281,9,3.20284697508897
"Eynhallow_GBT.FH89034_2016",486,6,1.23456790123457
"Eynhallow_GBT.FH89034_2017",698,10,1.43266475644699
"Eynhallow_GBT.FH89034_2018",449,6,1.33630289532294
"Eynhallow_GBT.FH89036_2016",255,4,1.56862745098039
"Eynhallow_GBT.FH89036_2017",196,5,2.55102040816327
"Eynhallow_GBT.FH89043_2017",377,6,1.59151193633952
"Eynhallow_GBT.FH89043_2019",197,3,1.52284263959391
"Eynhallow_GBT.FH89085_2017",288,8,2.77777777777778
"Eynhallow_GBT.FH89086_2017",402,6,1.49253731343284
"Eynhallow_GBT.FH89086_2018",530,5,0.943396226415094
"Eynhallow_GBT.FH89086_2019",483,9,1.86335403726708
"Eynhallow_GBT.FH89086_2020",272,0,0
"Eynhallow_GBT.FH89088_2018",587,8,1.36286201022147
"Eynhallow_GBT.FH89089_2018",314,7,2.22929936305732
"Eynhallow_GBT.FH89089_2019",443,6,1.35440180586907
"Eynhallow_GBT.FH89089_2020",319,10,3.13479623824451
"Eynhallow_GBT.FH89090_2017",281,9,3.20284697508897
"Eynhallow_GBT.FH89091_2018",364,8,2.1978021978022
"Eynhallow_GBT.FH89093_2007",232,6,2.58620689655172
"Eynhallow_GBT.FH89093_2017",188,9,4.78723404255319
"Eynhallow_GBT.FH89093_2018",157,8,5.09554140127389
"Eynhallow_GBT.FH89093_2019",155,7,4.51612903225806
"Eynhallow_GBT.FH89093_2020",121,5,4.13223140495868
"Eynhallow_GBT.FH89095_2017",288,5,1.73611111111111
"Eynhallow_GBT.FH89096_2017",423,2,0.472813238770686
"Eynhallow_GBT.FH89099_2018",186,5,2.68817204301075
"Eynhallow_GBT.FH89099_2019",204,5,2.45098039215686
"Eynhallow_GBT.FH89102_2018",186,6,3.2258064516129
"Eynhallow_GBT.FH89102_2019",209,8,3.82775119617225
"Eynhallow_GBT.FH89102_2020",163,8,4.9079754601227
"Eynhallow_GBT.FH89108_2018",673,9,1.33729569093611
"Eynhallow_GBT.FH89108_2019",462,0,0
"Eynhallow_GBT.FP05006_2014",766,18,2.34986945169713
"Eynhallow_GBT.FP05006_2015",507,5,0.986193293885602
"Eynhallow_GBT.FP05013_2007",965,13,1.34715025906736
"Eynhallow_GBT.FP05013_2015",1122,56,4.99108734402852
"Eynhallow_GBT.FP05013_2016",845,9,1.06508875739645
"Eynhallow_GBT.FP05013_2017",829,6,0.723763570566948
"Eynhallow_GBT.FP05030_2009",221,6,2.71493212669683
"Eynhallow_GBT.FP05030_2010",271,9,3.3210332103321
"Eynhallow_GBT.FP05078_2010",196,6,3.06122448979592
"Eynhallow_GBT.FP05078_2017",354,9,2.54237288135593
"Eynhallow_GBT.FP05082_2008",242,3,1.2396694214876
"Eynhallow_GBT.FP05091_2017",582,9,1.54639175257732
"Eynhallow_GBT.FP05091_2018",499,4,0.801603206412826
"Eynhallow_GBT.FP05091_2019",773,16,2.06985769728331
"Eynhallow_GBT.FP05091_2020",576,12,2.08333333333333
"Eynhallow_GBT.FP05130_2019",482,3,0.622406639004149
"Eynhallow_GBT.FP05132_2014",424,4,0.943396226415094
"Eynhallow_GBT.FP05134_2016",399,5,1.2531328320802
"Eynhallow_GBT.FP05134_2017",403,4,0.992555831265509
"Eynhallow_GBT.FP05134_2018",539,73,13.543599257885
"Eynhallow_GBT.FP05135_2016",696,8,1.14942528735632
"Eynhallow_GBT.FP05135_2017",617,9,1.45867098865478
"Eynhallow_GBT.FP05150_2014",334,7,2.09580838323353
"Eynhallow_GBT.FP05183_2016",705,7,0.99290780141844
"Eynhallow_GBT.FP05183_2017",740,6,0.810810810810811
"Eynhallow_GBT.FP05183_2018",617,6,0.972447325769854
"Eynhallow_GBT.FP05183_2019",648,12,1.85185185185185
"Eynhallow_GBT.FP05183_2020",789,11,1.39416983523447
"Eynhallow_GBT.FP05192_2010",674,53,7.86350148367952
"Eynhallow_GBT.FP05192_2014",605,67,11.0743801652893
"Eynhallow_GBT.FP05203_2010",856,9,1.05140186915888
"Eynhallow_GBT.FP05203_2011",620,10,1.61290322580645
"Eynhallow_GBT.FP05205_2014",242,8,3.30578512396694
"Eynhallow_GBT.FP05208_2009",177,4,2.25988700564972
"Eynhallow_GBT.FP05208_2010",207,6,2.89855072463768
"Eynhallow_GBT.FP05214_2017",404,12,2.97029702970297
"Eynhallow_GBT.FP05214_2019",233,5,2.14592274678112
"Eynhallow_GBT.FP05214_2020",225,6,2.66666666666667
"Eynhallow_GBT.FP05222_2010",579,5,0.863557858376511
"Eynhallow_GBT.FP05224_2011",256,8,3.125
"Eynhallow_GBT.FP05229_2009",214,8,3.73831775700935
"Eynhallow_GBT.FP05231_2009",374,7,1.8716577540107
"Eynhallow_GBT.FP05238_2010",768,6,0.78125
"Eynhallow_GBT.FP05238_2011",551,8,1.4519056261343
"Eynhallow_GBT.FP05238_2012",618,7,1.13268608414239
"Eynhallow_GBT.FP05238_2017",567,9,1.58730158730159
"Eynhallow_GBT.FP05238_2018",436,3,0.688073394495413
"Eynhallow_GBT.FP05238_2019",395,3,0.759493670886076
"Eynhallow_GBT.FP05238_2020",613,6,0.97879282218597
"Eynhallow_GBT.FP05438_2007",745,7,0.939597315436242
"Eynhallow_GBT.FP05438_2008",472,3,0.635593220338983
"Eynhallow_GBT.FP05438_2010",681,6,0.881057268722467
"Eynhallow_GBT.FP96010_2010",512,17,3.3203125
"Eynhallow_GBT.FP96010_2011",384,9,2.34375
"Eynhallow_GBT.FP96018_2008",644,8,1.24223602484472
"Eynhallow_GBT.FP96018_2009",433,6,1.38568129330254
"Eynhallow_GBT.FP96027_2010",1058,60,5.6710775047259
"Eynhallow_GBT.FP96037_2008",658,8,1.21580547112462
"Eynhallow_GBT.FP96037_2010",714,6,0.840336134453782
"Eynhallow_GBT.FP96037_2011",689,2,0.290275761973875
"Eynhallow_GBT.FP96037_2017",844,12,1.4218009478673
"Eynhallow_GBT.FP96044_2008",216,8,3.7037037037037
"Eynhallow_GBT.FP96044_2009",453,10,2.2075055187638
"Eynhallow_GBT.FP96045_2008",605,5,0.826446280991736
"Eynhallow_GBT.FP96054_2014",707,14,1.98019801980198
"Eynhallow_GBT.FP96054_2015",622,12,1.92926045016077
"Eynhallow_GBT.FP96054_2016",881,143,16.2315550510783
"Eynhallow_GBT.FP96054_2017",605,11,1.81818181818182
"Eynhallow_GBT.FP96054_2018",766,22,2.87206266318538
"Eynhallow_GBT.FP96054_2019",664,20,3.01204819277108
"Eynhallow_GBT.FP96054_2020",666,15,2.25225225225225
"Eynhallow_GBT.FP96057_2007",437,7,1.60183066361556
"Eynhallow_GBT.FP96064_2016",274,3,1.09489051094891
"Eynhallow_GBT.FP96075_2007",729,3,0.411522633744856
"Eynhallow_GBT.FP96075_2008",713,9,1.26227208976157
"Eynhallow_GBT.FP96076_2007",539,15,2.78293135435993
"Eynhallow_GBT.FP96076_2010",646,28,4.3343653250774
"Eynhallow_GBT.FP96077_2006",344,6,1.74418604651163
"Eynhallow_GBT.FP96078_2006",474,21,4.43037974683544
"Eynhallow_GBT.FP96123_2015",345,8,2.31884057971015
"Eynhallow_GBT.FP96129_2009",369,7,1.8970189701897
"Eynhallow_GBT.FP96129_2010",454,7,1.54185022026432
"Eynhallow_GBT.FP96129_2011",392,10,2.55102040816327
"Eynhallow_GBT.FP96129_2012",151,7,4.63576158940397
"Eynhallow_GBT.FP96139_2010",595,25,4.20168067226891
"Eynhallow_GBT.FP96139_2011",625,105,16.8
"Eynhallow_GBT.FP96139_2012",338,8,2.36686390532544
"Eynhallow_GBT.FP96147_2016",1026,348,33.9181286549708
"Eynhallow_GBT.FP96147_2017",572,20,3.4965034965035
"Eynhallow_GBT.FP96151_2008",775,118,15.2258064516129
"Eynhallow_GBT.FP96151_2014",567,43,7.58377425044092
"Eynhallow_GBT.FP96151_2015",654,103,15.7492354740061
"Eynhallow_GBT.FP96151_2016",514,4,0.778210116731518
"Eynhallow_GBT.FP96151_2017",533,56,10.5065666041276
"Eynhallow_GBT.FP96152_2010",671,4,0.596125186289121
"Eynhallow_GBT.FP96152_2011",415,11,2.65060240963855
"Eynhallow_GBT.FP96155_2008",403,3,0.744416873449132
"Eynhallow_GBT.FP96155_2010",568,9,1.58450704225352
"Eynhallow_GBT.FP96155_2011",711,9,1.26582278481013
"Eynhallow_GBT.FP96156_2008",124,7,5.64516129032258
"Eynhallow_GBT.FP96157_2008",149,0,0
"Eynhallow_GBT.FP96157_2010",192,0,0
"Eynhallow_GBT.FP96158_2008",296,4,1.35135135135135
"Eynhallow_GBT.FP96159_2008",530,3,0.566037735849057
"Eynhallow_GBT.FP96159_2009",547,8,1.46252285191956
"Eynhallow_GBT.FP96159_2010",439,6,1.36674259681093
"Eynhallow_GBT.FP96159_2011",483,6,1.24223602484472
"Eynhallow_GBT.FP96160_2008",706,9,1.27478753541076
"Eynhallow_GBT.FP96161_2008",569,5,0.878734622144113
"Eynhallow_GBT.FP96161_2012",296,5,1.68918918918919
"Eynhallow_GBT.FP96162_2008",230,9,3.91304347826087
"Eynhallow_GBT.FP96162_2009",520,9,1.73076923076923
"Eynhallow_GBT.FP96162_2010",518,8,1.54440154440154
"Eynhallow_GBT.FP96162_2011",659,12,1.82094081942337
"Eynhallow_GBT.FP96186_2017",406,3,0.738916256157635
"Eynhallow_GBT.FP96193_2009",612,18,2.94117647058824
"Eynhallow_GBT.FP96193_2010",573,27,4.71204188481675
"Eynhallow_GBT.FP96194_2009",213,5,2.34741784037559
"Eynhallow_GBT.FP96194_2010",239,7,2.92887029288703
"Eynhallow_GBT.FP96194_2011",201,8,3.98009950248756
"Eynhallow_GBT.FP96194_2015",177,8,4.51977401129944
"Eynhallow_GBT.FP96194_2016",219,5,2.28310502283105
"Eynhallow_GBT.FP96195_2009",937,285,30.4162219850587
"Eynhallow_GBT.FP96195_2010",658,139,21.1246200607903
"Eynhallow_GBT.FP96195_2011",838,264,31.5035799522673
"Eynhallow_GBT.FP96195_2014",391,7,1.79028132992327
"Eynhallow_GBT.FP96195_2016",1029,377,36.6375121477162
"Eynhallow_GBT.FP96195_2017",771,282,36.5758754863813
"Eynhallow_GBT.FP96196_2010",595,4,0.672268907563025
"Eynhallow_GBT.FP96196_2016",496,6,1.20967741935484
"Eynhallow_GBT.FP96196_2017",475,6,1.26315789473684
"Eynhallow_GBT.FP96196_2018",590,6,1.01694915254237
"Eynhallow_GBT.FP96196_2019",449,7,1.55902004454343
"Eynhallow_GBT.FP96196_2020",499,3,0.601202404809619
"Eynhallow_GBT.FP96197_2009",235,5,2.12765957446809
"Eynhallow_GBT.FP96197_2010",634,10,1.57728706624606
"Eynhallow_GBT.FP96197_2016",270,5,1.85185185185185
"Eynhallow_GBT.FP96197_2017",412,6,1.45631067961165
"Eynhallow_GBT.FP96197_2018",197,7,3.55329949238579
"Eynhallow_GBT.FP96197_2019",469,12,2.55863539445629
"Eynhallow_GBT.FP96199_2010",474,6,1.26582278481013
"Eynhallow_GBT.FP96199_2011",496,4,0.806451612903226
"Eynhallow_GBT.FP96199_2014",385,3,0.779220779220779
"Eynhallow_GBT.FP96199_2015",527,3,0.569259962049336
"Eynhallow_GBT.FP96199_2016",499,8,1.60320641282565
"Eynhallow_GBT.FP96199_2017",470,4,0.851063829787234
"Eynhallow_GBT.FP96199_2018",505,5,0.99009900990099
"Eynhallow_GBT.FP96199_2019",381,8,2.0997375328084
"Eynhallow_GBT.FP96199_2020",232,6,2.58620689655172
"Eynhallow_GBT.FP96200_2009",964,45,4.66804979253112
"Eynhallow_GBT.FP96218_2010",607,12,1.97693574958814
"Eynhallow_GBT.FP96218_2019",734,10,1.36239782016349
"Eynhallow_GBT.FP96218_2020",677,8,1.18168389955687
"Eynhallow_GBT.FP96219_2010",426,8,1.87793427230047
"Eynhallow_GBT.FP96219_2014",257,6,2.33463035019455
"Eynhallow_GBT.FP96219_2015",297,8,2.69360269360269
"Eynhallow_GBT.FP96219_2016",495,8,1.61616161616162
"Eynhallow_GBT.FP96220_2010",635,6,0.94488188976378
"Eynhallow_GBT.FP96220_2011",659,3,0.455235204855842
"Eynhallow_GBT.FP96224_2010",699,15,2.14592274678112
"Eynhallow_GBT.FP96224_2014",461,9,1.95227765726681
"Eynhallow_GBT.FP96224_2015",492,10,2.03252032520325
"Eynhallow_GBT.FP96224_2018",521,11,2.11132437619962
"Eynhallow_GBT.FP96224_2019",288,8,2.77777777777778
"Eynhallow_GBT.FP96224_2020",489,13,2.65848670756646
"Eynhallow_GBT.FP96225_2016",408,7,1.7156862745098
"Eynhallow_GBT.FP96225_2017",329,3,0.911854103343465
"Eynhallow_GBT.FP96225_2018",454,8,1.76211453744493
"Eynhallow_GBT.FP96226_2010",473,9,1.90274841437632
"Eynhallow_GBT.FP96226_2011",668,33,4.94011976047904
"Eynhallow_GBT.FP96227_2010",295,5,1.69491525423729
"Eynhallow_GBT.FP96228_2010",623,3,0.481540930979133
"Eynhallow_GBT.FP96228_2011",786,3,0.381679389312977
"Eynhallow_GBT.FP96234_2010",554,2,0.36101083032491
"Eynhallow_GBT.FP96234_2015",484,7,1.44628099173554
"Eynhallow_GBT.FP96234_2017",487,3,0.616016427104723
"Eynhallow_GBT.FP96235_2010",411,9,2.18978102189781
"Eynhallow_GBT.FP96288_2007",1398,157,11.2303290414878
"Eynhallow_GBT.FP96304_2014",318,4,1.25786163522013
"Eynhallow_GBT.FP96325_2009",212,3,1.41509433962264
"Eynhallow_GBT.FP96328_2008",146,5,3.42465753424658
"Eynhallow_GBT.FP96328_2010",288,5,1.73611111111111
"Eynhallow_GBT.FP96328_2011",184,5,2.71739130434783
"Eynhallow_GBT.FP96328_2014",166,5,3.01204819277108
"Eynhallow_GBT.FP96329_2007",629,119,18.9189189189189
"Eynhallow_GBT.FP96329_2008",643,202,31.4152410575428
"Eynhallow_GBT.FP96329_2009",705,56,7.94326241134752
"Eynhallow_GBT.FP96329_2010",583,39,6.68953687821612
"Eynhallow_GBT.FP96329_2011",605,14,2.31404958677686
"Eynhallow_GBT.FP96329_2015",426,1,0.234741784037559
"Eynhallow_GBT.FP96329_2016",585,27,4.61538461538462
"Eynhallow_GBT.FP96329_2018",543,64,11.7863720073665
"Eynhallow_GBT.FP96332_2007",696,0,0
"Eynhallow_GBT.FP96344_2017",279,5,1.7921146953405
"Eynhallow_GBT.FP96344_2018",229,2,0.873362445414847
"Eynhallow_GBT.FP96344_2019",529,3,0.56710775047259
"Eynhallow_GBT.FP96344_2020",278,3,1.07913669064748
"Eynhallow_GBT.FP96361_2014",716,8,1.11731843575419
"Eynhallow_GBT.FP96361_2015",671,8,1.19225037257824
"Eynhallow_GBT.FP96377_2016",176,5,2.84090909090909
"Eynhallow_GBT.FP96377_2017",218,4,1.8348623853211
"Eynhallow_GBT.FP96378_2016",337,8,2.37388724035608
"Eynhallow_GBT.FP96378_2017",267,7,2.62172284644195
"Eynhallow_GBT.FP96381_2015",397,6,1.51133501259446
"Eynhallow_GBT.FP96381_2016",526,3,0.570342205323194
"Eynhallow_GBT.FP96381_2017",726,4,0.550964187327824
"Eynhallow_GBT.FP96381_2018",391,5,1.27877237851662
"Eynhallow_GBT.FP96399_2014",430,4,0.930232558139535
"Eynhallow_GBT.FP96399_2015",249,5,2.00803212851406
"Eynhallow_GBT.FP96399_2016",313,5,1.59744408945687
"Eynhallow_GBT.FP96399_2017",286,5,1.74825174825175
"Eynhallow_GBT.FP96399_2018",343,5,1.45772594752187
"Eynhallow_GBT.FP96399_2019",1411,395,27.9943302622254
"Eynhallow_GBT.FP96400_2014",669,9,1.34529147982063
"Eynhallow_GBT.FP96400_2015",902,19,2.10643015521064
"Eynhallow_GBT.FP96400_2016",744,7,0.940860215053763
"Eynhallow_GBT.FP96400_2017",560,9,1.60714285714286
"Eynhallow_GBT.FP96400_2018",1047,69,6.59025787965616
"Eynhallow_GBT.FP96400_2019",328,3,0.914634146341463
"Eynhallow_GBT.FP96491_2018",492,3,0.609756097560976
"Eynhallow_GBT.FP96492_2014",625,6,0.96
"Eynhallow_GBT.FP96492_2016",793,4,0.504413619167718
"Eynhallow_GBT.FP96492_2017",528,6,1.13636363636364
"Eynhallow_GBT.FP96492_2018",492,5,1.01626016260163
"Eynhallow_GBT.FP96493_2014",400,7,1.75
"Eynhallow_GBT.FP96493_2015",256,3,1.171875
"Eynhallow_GBT.FP96494_2014",755,13,1.72185430463576
"Eynhallow_GBT.FP96498_2014",264,5,1.89393939393939
"Eynhallow_GBT.FP96500_2018",331,7,2.11480362537764
"Eynhallow_GBT.FP96500_2019",300,6,2
"Eynhallow_GBT.FP96500_2020",408,39,9.55882352941176
"Eynhallow_GBT.FR77703_2010",667,6,0.899550224887556
"Eynhallow_GBT.FR77703_2011",797,8,1.00376411543287
"Eynhallow_GBT.FR77804_2016",511,15,2.93542074363992
"Eynhallow_GBT.FR77804_2017",389,8,2.05655526992288
"Eynhallow_GBT.FR77804_2018",586,6,1.02389078498294
"Eynhallow_GBT.FR77804_2019",517,4,0.773694390715667
"Eynhallow_GBT.FR77804_2020",403,8,1.98511166253102
"Eynhallow_GBT.FR77822_2010",304,3,0.986842105263158
"Eynhallow_GBT.FR77822_2011",418,5,1.19617224880383
"Eynhallow_GBT.FR77890_2014",226,8,3.53982300884956
"Eynhallow_GBT.FR77890_2015",206,8,3.88349514563107
"Eynhallow_GBT.FR77890_2016",202,8,3.96039603960396
"Eynhallow_GBT.FR77890_2017",218,8,3.6697247706422
"Eynhallow_GBT.FR77984_2008",765,8,1.04575163398693
"Eynhallow_GBT.FR77985_2011",487,6,1.23203285420945
"Eynhallow_GBT.FS68841_2014",260,7,2.69230769230769
"Faroe.Islands_DKC.4074923_2015",593,2,0.337268128161889
"Faroe.Islands_DKC.4294430_2015",351,7,1.99430199430199
"Faroe.Islands_DKC.4294439_2015",492,3,0.609756097560976
"Faroe.Islands_DKC.4294439_2016",663,5,0.754147812971342
"Faroe.Islands_DKC.4294440_2015",992,5,0.504032258064516
"Faroe.Islands_DKC.4294442_2015",411,8,1.94647201946472
"Faroe.Islands_DKC.4294448_2015",581,3,0.516351118760757
"Faroe.Islands_DKC.4294448_2016",893,14,1.56774916013438
"Faroe.Islands_DKC.4294450_2015",705,3,0.425531914893617
"Faroe.Islands_DKC.4298152_2020",741,24,3.23886639676113
"Faroe.Islands_DKC.4298251_2017",554,8,1.44404332129964
"Faroe.Islands_DKC.4298251_2018",500,8,1.6
"Faroe.Islands_DKC.4298251_2019",467,13,2.78372591006424
"Faroe.Islands_DKC.4298255_2017",817,5,0.611995104039168
"Faroe.Islands_DKC.4298258_2017",964,9,0.933609958506224
"Faroe.Islands_DKC.4298263_2017",899,298,33.1479421579533
"Faroe.Islands_DKC.4F.3042_2020",327,2,0.611620795107034
"Faroe.Islands_DKC.4F0156_2016",447,0,0
"Faroe.Islands_DKC.4F0156_2017",361,0,0
"Faroe.Islands_DKC.4F0158_2016",714,4,0.560224089635854
"Faroe.Islands_DKC.4F0158_2017",784,10,1.27551020408163
"Faroe.Islands_DKC.4F0160_2016",556,4,0.719424460431655
"Faroe.Islands_DKC.4F0161_2016",489,4,0.81799591002045
"Faroe.Islands_DKC.4F0161_2017",666,49,7.35735735735736
"Faroe.Islands_DKC.4F0164_2016",596,40,6.71140939597315
"Faroe.Islands_DKC.4F0164_2017",432,2,0.462962962962963
"Faroe.Islands_DKC.4F0166_2016",708,8,1.12994350282486
"Faroe.Islands_DKC.4F0166_2017",587,11,1.87393526405451
"Faroe.Islands_DKC.4F0167_2016",872,10,1.14678899082569
"Faroe.Islands_DKC.4F0168_2016",765,2,0.261437908496732
"Faroe.Islands_DKC.4F0169_2016",598,5,0.836120401337793
"Iceland_ISR.336161_2014",391,15,3.83631713554987
"Iceland_ISR.336161_2015",460,9,1.95652173913044
"Iceland_ISR.336161_2016",504,18,3.57142857142857
"Iceland_ISR.336161_2017",519,13,2.50481695568401
"Iceland_ISR.336161_2018",428,24,5.60747663551402
"Iceland_ISR.336161_2019",447,16,3.57941834451902
"Iceland_ISR.336163_2014",526,16,3.04182509505703
"Iceland_ISR.336163_2015",563,14,2.4866785079929
"Iceland_ISR.336163_2016",588,25,4.25170068027211
"Iceland_ISR.336163_2017",552,16,2.89855072463768
"Iceland_ISR.336163_2018",604,10,1.65562913907285
"Iceland_ISR.336163_2019",526,17,3.2319391634981
"Iceland_ISR.336166_2015",525,12,2.28571428571429
"Iceland_ISR.336166_2016",652,21,3.22085889570552
"Iceland_ISR.336166_2017",617,15,2.43111831442464
"Iceland_ISR.336166_2018",650,18,2.76923076923077
"Iceland_ISR.336166_2019",596,11,1.84563758389262
"Iceland_ISR.336167_2016",772,212,27.4611398963731
"Iceland_ISR.336167_2017",706,119,16.8555240793201
"Iceland_ISR.336176_2017",601,7,1.16472545757072
"Iceland_ISR.336176_2018",323,6,1.85758513931889
"Iceland_ISR.336176_2019",577,9,1.55979202772964
"Iceland_ISR.336179_2017",472,10,2.11864406779661
"Iceland_ISR.339217_2014",583,21,3.60205831903945
"Iceland_ISR.339217_2015",584,76,13.013698630137
"Iceland_ISR.339217_2016",881,22,2.49716231555051
"Iceland_ISR.339217_2017",1142,431,37.7408056042032
"Iceland_ISR.339217_2018",287,9,3.13588850174216
"Iceland_ISR.339220_2016",541,16,2.95748613678373
"Iceland_ISR.339222_2014",536,12,2.23880597014925
"Iceland_ISR.339222_2015",916,15,1.63755458515284
"Iceland_ISR.339223_2014",575,17,2.95652173913043
"Iceland_ISR.339223_2015",576,16,2.77777777777778
"Iceland_ISR.339223_2016",861,169,19.6283391405343
"Iceland_ISR.339226_2014",830,25,3.01204819277108
"Iceland_ISR.339226_2015",736,5,0.679347826086957
"Iceland_ISR.339226_2016",889,12,1.34983127109111
"Iceland_ISR.339227_2014",500,11,2.2
"Iceland_ISR.339227_2015",635,49,7.71653543307087
"Iceland_ISR.339227_2016",784,135,17.219387755102
"Iceland_ISR.339227_2017",433,16,3.69515011547344
"Iceland_ISR.339227_2018",647,13,2.00927357032457
"Iceland_ISR.339227_2019",560,9,1.60714285714286
"Iceland_ISR.339229_2014",705,26,3.68794326241135
"Iceland_ISR.339229_2015",454,56,12.3348017621145
"Iceland_ISR.339229_2016",997,220,22.0661985957874
"Iceland_ISR.339229_2017",662,46,6.94864048338369
"Iceland_ISR.339229_2018",750,101,13.4666666666667
"Iceland_ISR.339229_2019",453,40,8.83002207505519
"Iceland_ISR.339230_2014",536,10,1.86567164179104
"Iceland_ISR.339231_2015",563,161,28.5968028419183
"Iceland_ISR.339231_2016",824,165,20.0242718446602
"Iceland_ISR.339231_2017",621,98,15.780998389694
"Iceland_ISR.339231_2018",888,218,24.5495495495495
"Iceland_ISR.339231_2019",378,11,2.91005291005291
"Iceland_ISR.339233_2015",752,10,1.32978723404255
"Iceland_ISR.339233_2016",739,18,2.43572395128552
"Iceland_ISR.339233_2017",801,11,1.37328339575531
"Iceland_ISR.339233_2018",839,14,1.66865315852205
"Iceland_ISR.339234_2015",812,26,3.20197044334975
"Iceland_ISR.339234_2016",794,19,2.39294710327456
"Iceland_ISR.339234_2017",745,8,1.0738255033557
"Iceland_ISR.339234_2018",831,10,1.20336943441637
"Iceland_ISR.339234_2019",758,12,1.58311345646438
"Iceland_ISR.339234_2020",729,12,1.64609053497942
"Iceland_ISR.339235_2015",479,13,2.71398747390397
"Iceland_ISR.339235_2016",656,13,1.98170731707317
"Iceland_ISR.339235_2017",400,13,3.25
"Iceland_ISR.339235_2018",698,9,1.28939828080229
"Iceland_ISR.339235_2019",601,11,1.83028286189684
"Iceland_ISR.339237_2016",822,19,2.31143552311436
"Iceland_ISR.339238_2016",870,19,2.18390804597701
"Iceland_ISR.339238_2017",919,14,1.5233949945593
"Iceland_ISR.339238_2018",886,82,9.25507900677201
"Iceland_ISR.339238_2019",834,18,2.15827338129496
"Iceland_ISR.339239_2016",588,27,4.59183673469388
"Iceland_ISR.339240_2016",1012,12,1.18577075098814
"Iceland_ISR.339240_2017",970,9,0.927835051546392
"Iceland_ISR.339240_2018",1090,27,2.47706422018349
"Iceland_ISR.339240_2019",951,16,1.68243953732913
"Iceland_ISR.339240_2020",1188,9,0.757575757575758
"Iceland_ISR.339242_2016",698,23,3.29512893982808
"Iceland_ISR.339243_2016",919,53,5.76713819368879
"Iceland_ISR.339244_2016",648,89,13.7345679012346
"Iceland_ISR.339245_2016",315,8,2.53968253968254
"Iceland_ISR.339245_2017",796,226,28.391959798995
"Iceland_ISR.339246_2016",749,41,5.4739652870494
"Iceland_ISR.339246_2017",1044,140,13.4099616858238
"Iceland_ISR.339246_2018",748,5,0.668449197860963
"Iceland_ISR.339248_2017",616,12,1.94805194805195
"Iceland_ISR.339248_2018",653,28,4.28790199081164
"Iceland_ISR.340703_2014",562,11,1.95729537366548
"Iceland_ISR.340703_2015",434,8,1.84331797235023
"Iceland_ISR.340703_2016",648,8,1.23456790123457
"Iceland_ISR.340703_2017",655,3,0.458015267175573
"Iceland_ISR.340703_2019",605,23,3.80165289256198
"Iceland_ISR.340703_2020",577,10,1.73310225303293
"Iceland_ISR.340709_2015",787,8,1.01651842439644
"Iceland_ISR.340709_2016",1140,262,22.9824561403509
"Iceland_ISR.340709_2017",902,234,25.9423503325942
"Iceland_ISR.340719_2014",621,20,3.22061191626409
"Iceland_ISR.340719_2015",732,48,6.55737704918033
"Iceland_ISR.340719_2016",1056,254,24.0530303030303
"Iceland_ISR.340719_2017",814,32,3.93120393120393
"Iceland_ISR.340719_2018",1021,44,4.30950048971596
"Iceland_ISR.340719_2019",911,57,6.25686059275521
"Iceland_ISR.340721_2015",497,8,1.60965794768612
"Iceland_ISR.340721_2016",606,16,2.64026402640264
"Iceland_ISR.340721_2017",616,14,2.27272727272727
"Iceland_ISR.340721_2020",535,8,1.49532710280374
"Iceland_ISR.340732_2014",597,18,3.01507537688442
"Iceland_ISR.340732_2015",739,12,1.62381596752368
"Iceland_ISR.340732_2016",866,29,3.34872979214781
"Iceland_ISR.340732_2017",561,15,2.67379679144385
"Iceland_ISR.340732_2019",602,15,2.49169435215947
"Iceland_ISR.340758_2014",561,15,2.67379679144385
"Iceland_ISR.340758_2015",519,13,2.50481695568401
"Iceland_ISR.340758_2016",600,17,2.83333333333333
"Iceland_ISR.340758_2017",491,14,2.85132382892057
"Iceland_ISR.340758_2018",501,13,2.59481037924152
"Iceland_ISR.340758_2019",557,15,2.69299820466786
"Iceland_ISR.340758_2020",555,14,2.52252252252252
"Iceland_ISR.340760_2014",683,15,2.19619326500732
"Iceland_ISR.340760_2015",520,36,6.92307692307692
"Iceland_ISR.340760_2017",506,9,1.77865612648221
"Iceland_ISR.340761_2014",410,27,6.58536585365854
"Iceland_ISR.340761_2015",454,12,2.6431718061674
"Iceland_ISR.340761_2016",488,15,3.07377049180328
"Iceland_ISR.340761_2017",444,14,3.15315315315315
"Iceland_ISR.340770_2014",510,17,3.33333333333333
"Iceland_ISR.340770_2015",490,16,3.26530612244898
"Iceland_ISR.340770_2016",534,17,3.18352059925094
"Iceland_ISR.340772_2017",450,17,3.77777777777778
"Iceland_ISR.340772_2018",435,12,2.75862068965517
"Iceland_ISR.340772_2019",497,16,3.21931589537223
"Iceland_ISR.340790_2014",651,13,1.99692780337942
"Iceland_ISR.340790_2015",577,13,2.25303292894281
"Iceland_ISR.340790_2016",606,22,3.63036303630363
"Iceland_ISR.340790_2017",467,14,2.99785867237687
"Iceland_ISR.340790_2018",696,10,1.4367816091954
"Iceland_ISR.340790_2019",645,12,1.86046511627907
"Iceland_ISR.340800_2014",852,31,3.63849765258216
"Iceland_ISR.340800_2015",847,22,2.5974025974026
"Iceland_ISR.340800_2016",1093,191,17.4748398902104
"Iceland_ISR.340800_2017",1128,19,1.68439716312057
"Iceland_ISR.340800_2018",853,16,1.8757327080891
"Iceland_ISR.341696_2014",835,277,33.1736526946108
"Iceland_ISR.341696_2015",782,213,27.2378516624041
"Iceland_ISR.341696_2016",975,320,32.8205128205128
"Iceland_ISR.341696_2017",901,79,8.76803551609323
"Iceland_ISR.341697_2017",548,31,5.65693430656934
"Iceland_ISR.341697_2018",591,18,3.04568527918782
"Iceland_ISR.341697_2019",690,17,2.46376811594203
"Iceland_ISR.341698_2017",602,5,0.830564784053156
"Iceland_ISR.341701_2014",817,146,17.8702570379437
"Iceland_ISR.341701_2015",940,179,19.0425531914894
"Iceland_ISR.341701_2016",1149,313,27.2410791993037
"Iceland_ISR.341701_2017",775,40,5.16129032258065
"Iceland_ISR.341701_2018",946,180,19.0274841437632
"Iceland_ISR.341703_2015",950,31,3.26315789473684
"Iceland_ISR.341703_2016",903,314,34.7729789590255
"Iceland_ISR.341703_2017",1308,390,29.8165137614679
"Iceland_ISR.341703_2018",1038,9,0.867052023121387
"Iceland_ISR.341703_2019",879,12,1.36518771331058
"Iceland_ISR.341704_2017",552,15,2.71739130434783
"Iceland_ISR.341712_2018",463,12,2.59179265658747
"Iceland_ISR.341712_2019",543,22,4.05156537753223
"Iceland_ISR.341712_2020",541,10,1.84842883548983
"Iceland_ISR.350701_2017",736,49,6.65760869565217
"Iceland_ISR.350703_2018",769,15,1.95058517555267
"Iceland_ISR.350704_2018",490,14,2.85714285714286
"Iceland_ISR.350706_2018",559,17,3.04114490161002
"Iceland_ISR.350708_2018",600,15,2.5
"Iceland_ISR.350708_2019",697,13,1.86513629842181
"Iceland_ISR.350708_2020",1145,317,27.6855895196507
"Iceland_ISR.350710_2018",577,14,2.4263431542461
"Iceland_ISR.350711_2018",903,60,6.64451827242525
"Iceland_ISR.350713_2020",550,13,2.36363636363636
"Iceland_ISR.350720_2020",573,14,2.44328097731239
"Iceland_ISR.350725_2020",593,43,7.25126475548061
"Inishkea_GBT.FH15526_2019",530,12,2.26415094339623
"Inishkea_GBT.FH15526_2020",600,5,0.833333333333333
"Inishkea_GBT.FH15698_2019",261,5,1.91570881226054
"Inishkea_GBT.FH15698_2020",212,5,2.35849056603774
"Inishkea_GBT.FH78391_2019",248,7,2.82258064516129
"Inishkea_GBT.FH78391_2020",379,7,1.84696569920844
"Inishkea_GBT.FH78393_2019",426,11,2.58215962441315
"Inishkea_GBT.FH78393_2020",320,6,1.875
"Isle.of.Canna_GBT.FH49405_2014",729,15,2.05761316872428
"Isle.of.Canna_GBT.FH49405_2015",756,10,1.32275132275132
"Isle.of.Canna_GBT.FH49407_2014",252,6,2.38095238095238
"Isle.of.Canna_GBT.FH49494_2014",398,6,1.50753768844221
"Isle.of.Canna_GBT.FP29405_2014",279,9,3.2258064516129
"Isle.of.Canna_GBT.FP41256_2014",720,16,2.22222222222222
"Isle.of.Canna_GBT.FP48025_2014",631,12,1.90174326465927
"Isle.of.Canna_GBT.FP48027_2014",566,6,1.06007067137809
"Isle.of.Canna_GBT.FP84411_2014",280,10,3.57142857142857
"Isle.of.Canna_GBT.FP84411_2015",398,10,2.51256281407035
"Jan.Mayen_NOS.4181597_2017",840,59,7.02380952380952
"Jan.Mayen_NOS.4181597_2018",243,0,0
"Jan.Mayen_NOS.4181600_2016",425,68,16
"Jan.Mayen_NOS.4181602_2014",551,29,5.26315789473684
"Jan.Mayen_NOS.4181602_2015",831,29,3.48977135980746
"Jan.Mayen_NOS.4181602_2016",812,233,28.6945812807882
"Jan.Mayen_NOS.4181602_2017",613,43,7.01468189233279
"Jan.Mayen_NOS.4181602_2018",578,49,8.47750865051903
"Jan.Mayen_NOS.4181602_2019",585,24,4.1025641025641
"Jan.Mayen_NOS.4181602_2020",525,11,2.0952380952381
"Jan.Mayen_NOS.4181604_2014",846,84,9.9290780141844
"Jan.Mayen_NOS.4181604_2015",914,64,7.00218818380744
"Jan.Mayen_NOS.4181604_2016",921,41,4.45168295331162
"Jan.Mayen_NOS.4181604_2017",306,4,1.30718954248366
"Jan.Mayen_NOS.4181605_2016",703,171,24.3243243243243
"Jan.Mayen_NOS.4181605_2017",1159,351,30.2847282139776
"Jan.Mayen_NOS.4181606_2014",482,48,9.95850622406639
"Jan.Mayen_NOS.4181606_2015",607,69,11.3673805601318
"Jan.Mayen_NOS.4181607_2014",774,14,1.80878552971576
"Jan.Mayen_NOS.4181607_2015",794,15,1.88916876574307
"Jan.Mayen_NOS.4181607_2016",676,202,29.8816568047337
"Jan.Mayen_NOS.4181607_2017",873,355,40.6643757159221
"Jan.Mayen_NOS.4181608_2014",783,13,1.6602809706258
"Jan.Mayen_NOS.4181608_2015",769,18,2.3407022106632
"Jan.Mayen_NOS.4181608_2016",766,40,5.22193211488251
"Jan.Mayen_NOS.4181608_2017",1043,75,7.19079578139981
"Jan.Mayen_NOS.4181608_2018",811,34,4.19235511713933
"Jan.Mayen_NOS.4181610_2014",668,9,1.34730538922156
"Jan.Mayen_NOS.4181610_2015",774,2,0.258397932816538
"Jan.Mayen_NOS.4181610_2016",724,22,3.03867403314917
"Jan.Mayen_NOS.4181610_2017",682,7,1.02639296187683
"Jan.Mayen_NOS.4181610_2018",736,5,0.679347826086957
"Jan.Mayen_NOS.4181611_2014",720,205,28.4722222222222
"Jan.Mayen_NOS.4181612_2014",651,97,14.900153609831
"Jan.Mayen_NOS.4181612_2015",660,99,15
"Jan.Mayen_NOS.4181614_2014",708,25,3.53107344632768
"Jan.Mayen_NOS.4181615_2014",903,89,9.85603543743079
"Jan.Mayen_NOS.4181615_2015",767,19,2.47718383311604
"Jan.Mayen_NOS.4181615_2016",1111,173,15.5715571557156
"Jan.Mayen_NOS.4181617_2014",663,150,22.6244343891403
"Jan.Mayen_NOS.4181620_2014",622,146,23.4726688102894
"Jan.Mayen_NOS.4181620_2015",1151,278,24.1529105125977
"Jan.Mayen_NOS.4181621_2016",880,41,4.65909090909091
"Jan.Mayen_NOS.4181621_2017",726,34,4.6831955922865
"Jan.Mayen_NOS.4181621_2018",941,162,17.2157279489904
"Jan.Mayen_NOS.4181622_2018",807,30,3.71747211895911
"Jan.Mayen_NOS.4181622_2019",743,32,4.30686406460296
"Jan.Mayen_NOS.4181622_2020",855,73,8.53801169590643
"Jan.Mayen_NOS.4181623_2014",703,194,27.5960170697013
"Jan.Mayen_NOS.4181623_2015",697,207,29.6987087517934
"Jan.Mayen_NOS.4181623_2016",630,112,17.7777777777778
"Jan.Mayen_NOS.4181623_2017",707,228,32.2489391796322
"Jan.Mayen_NOS.4181623_2018",647,57,8.80989180834621
"Jan.Mayen_NOS.4181623_2019",651,214,32.8725038402458
"Jan.Mayen_NOS.4181624_2014",582,21,3.60824742268041
"Jan.Mayen_NOS.4181624_2015",611,15,2.45499181669394
"Jan.Mayen_NOS.4181624_2016",675,17,2.51851851851852
"Jan.Mayen_NOS.4181624_2017",642,5,0.778816199376947
"Jan.Mayen_NOS.4181625_2014",715,48,6.71328671328671
"Jan.Mayen_NOS.4181625_2015",512,37,7.2265625
"Jan.Mayen_NOS.4181625_2016",740,40,5.4054054054054
"Jan.Mayen_NOS.4181625_2017",605,18,2.97520661157025
"Jan.Mayen_NOS.4181626_2014",777,52,6.69240669240669
"Jan.Mayen_NOS.4181626_2016",930,82,8.81720430107527
"Jan.Mayen_NOS.4181626_2017",791,226,28.5714285714286
"Jan.Mayen_NOS.4181626_2018",871,25,2.87026406429392
"Jan.Mayen_NOS.4181627_2018",811,253,31.1960542540074
"Jan.Mayen_NOS.4181628_2014",850,27,3.17647058823529
"Jan.Mayen_NOS.4181629_2014",921,25,2.71444082519001
"Jan.Mayen_NOS.4181629_2015",773,15,1.9404915912031
"Jan.Mayen_NOS.4181629_2016",895,90,10.0558659217877
"Jan.Mayen_NOS.4181629_2017",877,22,2.50855188141391
"Jan.Mayen_NOS.4181629_2018",754,3,0.397877984084881
"Jan.Mayen_NOS.4181630_2014",765,28,3.66013071895425
"Jan.Mayen_NOS.4181630_2015",720,27,3.75
"Jan.Mayen_NOS.4181630_2016",967,305,31.540847983454
"Jan.Mayen_NOS.4181630_2017",739,167,22.5981055480379
"Jan.Mayen_NOS.4181631_2015",819,43,5.25030525030525
"Jan.Mayen_NOS.4181631_2016",833,49,5.88235294117647
"Jan.Mayen_NOS.4181631_2017",913,24,2.62869660460022
"Jan.Mayen_NOS.4181632_2015",831,29,3.48977135980746
"Jan.Mayen_NOS.4181632_2016",1012,155,15.3162055335968
"Jan.Mayen_NOS.4181633_2015",973,107,10.9969167523124
"Jan.Mayen_NOS.4181633_2016",803,26,3.23785803237858
"Jan.Mayen_NOS.4181633_2019",695,43,6.18705035971223
"Jan.Mayen_NOS.4181633_2020",943,80,8.48356309650053
"Jan.Mayen_NOS.4181634_2015",645,144,22.3255813953488
"Jan.Mayen_NOS.4181634_2017",580,119,20.5172413793103
"Jan.Mayen_NOS.4181636_2015",761,145,19.053876478318
"Jan.Mayen_NOS.4181636_2016",924,291,31.4935064935065
"Jan.Mayen_NOS.4181637_2015",723,15,2.0746887966805
"Jan.Mayen_NOS.4181637_2016",869,43,4.9482163406214
"Jan.Mayen_NOS.4181638_2016",764,284,37.17277486911
"Jan.Mayen_NOS.4181638_2017",843,208,24.6737841043891
"Jan.Mayen_NOS.4181639_2016",536,69,12.8731343283582
"Jan.Mayen_NOS.4181639_2017",736,190,25.8152173913043
"Jan.Mayen_NOS.4181639_2018",645,172,26.6666666666667
"Jan.Mayen_NOS.4181640_2016",995,43,4.321608040201
"Jan.Mayen_NOS.4181640_2017",888,35,3.94144144144144
"Jan.Mayen_NOS.4181640_2018",878,15,1.70842824601367
"Jan.Mayen_NOS.4181641_2016",780,233,29.8717948717949
"Jan.Mayen_NOS.4181641_2017",841,68,8.08561236623068
"Jan.Mayen_NOS.4181642_2016",682,215,31.524926686217
"Jan.Mayen_NOS.4181642_2017",642,138,21.4953271028037
"Jan.Mayen_NOS.4181642_2018",556,113,20.3237410071942
"Jan.Mayen_NOS.4181644_2016",689,30,4.35413642960813
"Jan.Mayen_NOS.4181644_2017",655,7,1.06870229007634
"Jan.Mayen_NOS.4181645_2016",722,169,23.4072022160665
"Jan.Mayen_NOS.4181645_2017",691,70,10.1302460202605
"Jan.Mayen_NOS.4181646_2016",876,316,36.0730593607306
"Jan.Mayen_NOS.4181646_2017",683,122,17.8623718887262
"Jan.Mayen_NOS.4181646_2018",703,112,15.9317211948791
"Jan.Mayen_NOS.4181647_2016",577,65,11.265164644714
"Jan.Mayen_NOS.4181647_2017",734,192,26.158038147139
"Jan.Mayen_NOS.4181647_2018",602,31,5.14950166112957
"Jan.Mayen_NOS.4181650_2017",256,17,6.640625
"Jan.Mayen_NOS.4181650_2018",589,204,34.634974533107
"Jan.Mayen_NOS.4181650_2019",677,61,9.01033973412112
"Jan.Mayen_NOS.4181650_2020",461,92,19.9566160520607
"Jan.Mayen_NOS.4181651_2017",902,233,25.8314855875831
"Jan.Mayen_NOS.4181651_2018",921,204,22.1498371335505
"Jan.Mayen_NOS.4181654_2017",623,99,15.8908507223114
"Jan.Mayen_NOS.4181655_2017",732,138,18.8524590163934
"Jan.Mayen_NOS.4181655_2018",907,15,1.65380374862183
"Jan.Mayen_NOS.4181657_2017",918,31,3.37690631808279
"Jan.Mayen_NOS.4181657_2018",732,18,2.45901639344262
"Jan.Mayen_NOS.4181661_2017",1032,175,16.9573643410853
"Jan.Mayen_NOS.4181661_2018",856,122,14.2523364485981
"Jan.Mayen_NOS.4181662_2017",520,27,5.19230769230769
"Jan.Mayen_NOS.4181662_2018",869,32,3.68239355581128
"Jan.Mayen_NOS.4181663_2017",836,43,5.14354066985646
"Jan.Mayen_NOS.4181664_2017",591,88,14.8900169204738
"Jan.Mayen_NOS.4181664_2018",533,26,4.8780487804878
"Jan.Mayen_NOS.4181664_2019",523,18,3.44168260038241
"Jan.Mayen_NOS.4181664_2020",655,139,21.2213740458015
"Jan.Mayen_NOS.4181665_2018",982,12,1.22199592668024
"Jan.Mayen_NOS.4181666_2018",778,34,4.37017994858612
"Jan.Mayen_NOS.4181666_2019",744,20,2.68817204301075
"Jan.Mayen_NOS.4181666_2020",702,5,0.712250712250712
"Jan.Mayen_NOS.4181667_2018",668,2,0.29940119760479
"Jan.Mayen_NOS.4181668_2018",710,26,3.66197183098592
"Jan.Mayen_NOS.4181670_2018",655,146,22.2900763358779
"Jan.Mayen_NOS.4181674_2019",423,2,0.472813238770686
"Jan.Mayen_NOS.4181674_2020",502,20,3.98406374501992
"Jarsteinen_NOS.4104835_2017",386,4,1.03626943005181
"Jarsteinen_NOS.4104835_2019",389,4,1.02827763496144
"Jarsteinen_NOS.4104835_2020",342,4,1.16959064327485
"Jarsteinen_NOS.4207468_2011",606,9,1.48514851485149
"Jarsteinen_NOS.4207468_2012",675,13,1.92592592592593
"Jarsteinen_NOS.4221715_2015",727,6,0.825309491059147
"Jarsteinen_NOS.4221715_2016",1016,17,1.67322834645669
"Jarsteinen_NOS.4221715_2017",1242,95,7.64895330112721
"Jarsteinen_NOS.4221715_2018",841,9,1.07015457788347
"Jarsteinen_NOS.4241937_2018",436,6,1.37614678899083
"Jarsteinen_NOS.4241937_2019",656,5,0.76219512195122
"Jarsteinen_NOS.4262401_2011",247,7,2.83400809716599
"Jarsteinen_NOS.4262401_2012",725,11,1.51724137931034
"Jarsteinen_NOS.4262415_2011",149,5,3.35570469798658
"Jarsteinen_NOS.4262415_2012",481,5,1.03950103950104
"Jarsteinen_NOS.4262538_2011",446,4,0.896860986547085
"Jarsteinen_NOS.4262538_2012",470,10,2.12765957446809
"Jarsteinen_NOS.4262541_2011",740,157,21.2162162162162
"Jarsteinen_NOS.4262541_2012",863,405,46.9293163383546
"Jarsteinen_NOS.4262801_2018",111,4,3.6036036036036
"Jarsteinen_NOS.4262804_2016",454,8,1.76211453744493
"Jarsteinen_NOS.4262952_2018",552,13,2.35507246376812
"Jarsteinen_NOS.4264093_2015",907,120,13.2304299889746
"Jarsteinen_NOS.4264093_2016",1119,210,18.7667560321716
"Jarsteinen_NOS.4264093_2017",930,122,13.1182795698925
"Jarsteinen_NOS.4264093_2018",674,15,2.22551928783383
"Jarsteinen_NOS.4264390_2016",659,200,30.3490136570561
"Jarsteinen_NOS.4264390_2017",871,259,29.735935706085
"Jarsteinen_NOS.4264403_2017",240,4,1.66666666666667
"Jarsteinen_NOS.4264405_2017",227,5,2.20264317180617
"Jarsteinen_NOS.4264405_2018",148,6,4.05405405405405
"Little.Saltee_GBT.FA88604_2010",111,9,8.10810810810811
"Little.Saltee_GBT.FA88604_2011",130,9,6.92307692307692
"Little.Saltee_GBT.FB25124_2010",174,9,5.17241379310345
"Little.Saltee_GBT.FB25128_2010",147,9,6.12244897959184
"Little.Saltee_GBT.FB25130_2020",361,9,2.49307479224377
"Little.Saltee_GBT.FB25133_2010",169,9,5.32544378698225
"Little.Saltee_GBT.FB25141_2020",911,20,2.1953896816685
"Little.Saltee_GBT.FH15572_2019",137,8,5.83941605839416
"Little.Saltee_GBT.FH78306_2019",133,8,6.01503759398496
"Little.Saltee_GBT.FH78356_2020",432,9,2.08333333333333
"Little.Saltee_GBT.FH78367_2019",730,21,2.87671232876712
"Little.Saltee_GBT.FH78367_2020",452,9,1.99115044247788
"Little.Saltee_GBT.FJ59505_2020",230,9,3.91304347826087
"Little.Saltee_GBT.FJ59507_2020",385,9,2.33766233766234
"Little.Saltee_GBT.FP14812_2019",270,8,2.96296296296296
"Little.Saltee_GBT.FP14812_2020",188,9,4.78723404255319
"Little.Saltee_GBT.FP14834_2020",172,9,5.23255813953488
"Little.Saltee_GBT.FP14869_2010",456,9,1.97368421052632
"Little.Saltee_GBT.FP14991_2019",355,8,2.25352112676056
"Little.Saltee_GBT.FP14991_2020",491,9,1.83299389002037
"Little.Saltee_GBT.FP14999_2010",130,9,6.92307692307692
"Little.Saltee_GBT.FP40312_2010",237,11,4.64135021097046
"Little.Saltee_GBT.FP40344_2010",246,9,3.65853658536585
"Little.Saltee_GBT.FP40362_2020",372,12,3.2258064516129
"Little.Saltee_GBT.FP40378_2010",490,9,1.83673469387755
"Little.Saltee_GBT.FP40433_2010",185,13,7.02702702702703
"Little.Saltee_GBT.FP64331_2020",522,9,1.72413793103448
"Little.Saltee_GBT.FP64357_2010",120,9,7.5
"Little.Saltee_GBT.FP64357_2011",116,9,7.75862068965517
"Little.Saltee_GBT.FP64364_2010",140,9,6.42857142857143
"Little.Saltee_GBT.FP64364_2020",205,9,4.39024390243902
"Little.Saltee_GBT.FP64367_2010",126,9,7.14285714285714
"Little.Saltee_GBT.FR18053_2010",392,12,3.06122448979592
"Little.Saltee_GBT.FR18053_2011",115,9,7.82608695652174
"Little.Saltee_GBT.FR18074_2010",120,9,7.5
"Little.Saltee_GBT.FR18354_2010",133,9,6.76691729323308
"Little.Saltee_GBT.FV46558_2010",388,9,2.31958762886598
"Little.Saltee_GBT.FV46572_2010",235,9,3.82978723404255
"Little.Saltee_GBT.FV46799_2010",117,9,7.69230769230769
