colony,individ_id,number_of_relocations
Alkefjellet,NOS-4182652,1182
Alkefjellet,NOS-4182653,4099
Alkefjellet,NOS-4182654,2663
Alkefjellet,NOS-4182655,1941
Alkefjellet,NOS-4182656,535
Alkefjellet,NOS-4182657,2639
Alkefjellet,NOS-4182658,2564
Alkefjellet,NOS-4182659,1834
Alkefjellet,NOS-4182661,3367
Alkefjellet,NOS-4182662,1085
Alkefjellet,NOS-4182663,1935
Alkefjellet,NOS-4182664,3363
Alkefjellet,NOS-4182665,1179
Alkefjellet,NOS-4182667,1194
Alkefjellet,NOS-4186205,469
Bjørnøya,NOS-4181262,1196
Bjørnøya,NOS-4181268,467
Bjørnøya,NOS-4181271,561
Bjørnøya,NOS-4182521,449
Bjørnøya,NOS-4182523,1911
Bjørnøya,NOS-4182525,467
Bjørnøya,NOS-4182526,1917
Bjørnøya,NOS-4182528,2000
Bjørnøya,NOS-4182531,1961
Bjørnøya,NOS-4182533,3406
Bjørnøya,NOS-4182534,2398
Bjørnøya,NOS-4182535,1215
Bjørnøya,NOS-4182537,2671
Bjørnøya,NOS-4182538,1176
Bjørnøya,NOS-4182539,1925
Bjørnøya,NOS-4182541,1915
Bjørnøya,NOS-4182542,1176
Bjørnøya,NOS-4182543,483
Bjørnøya,NOS-4182544,1202
Bjørnøya,NOS-4182545,1207
Bjørnøya,NOS-4182546,2648
Bjørnøya,NOS-4182548,1919
Bjørnøya,NOS-4182549,2693
Bjørnøya,NOS-4214401,954
Bjørnøya,NOS-4214403,1943
Bjørnøya,NOS-4214405,1241
Bjørnøya,NOS-4214408,1941
Bjørnøya,NOS-4214433,1196
Bjørnøya,NOS-4214434,1179
Bjørnøya,NOS-4214435,1923
Bjørnøya,NOS-4282351,1193
Bjørnøya,NOS-4282353,363
Bjørnøya,NOS-4282356,1217
Bjørnøya,NOS-4282357,1199
Bjørnøya,NOS-4282358,1199
Bjørnøya,NOS-4282361,1203
Bjørnøya,NOS-4282362,1235
Bjørnøya,NOS-5109523,480
Eynhallow,GBT-FA82356,1589
Eynhallow,GBT-FC14562,3561
Eynhallow,GBT-FC14766,5637
Eynhallow,GBT-FC14836,1018
Eynhallow,GBT-FC14839,1602
Eynhallow,GBT-FC28752,2835
Eynhallow,GBT-FC28841,2808
Eynhallow,GBT-FC28975,1357
Eynhallow,GBT-FC28999,3465
Eynhallow,GBT-FC71061,2800
Eynhallow,GBT-FC88717,729
Eynhallow,GBT-FC88748,1656
Eynhallow,GBT-FH89003,2107
Eynhallow,GBT-FH89004,2168
Eynhallow,GBT-FH89005,1161
Eynhallow,GBT-FH89008,634
Eynhallow,GBT-FH89013,1371
Eynhallow,GBT-FH89014,642
Eynhallow,GBT-FH89016,2006
Eynhallow,GBT-FH89017,633
Eynhallow,GBT-FH89018,637
Eynhallow,GBT-FH89020,4980
Eynhallow,GBT-FH89021,1666
Eynhallow,GBT-FH89023,3492
Eynhallow,GBT-FH89025,2106
Eynhallow,GBT-FH89027,650
Eynhallow,GBT-FH89031,1909
Eynhallow,GBT-FH89034,2190
Eynhallow,GBT-FH89036,1377
Eynhallow,GBT-FH89043,1069
Eynhallow,GBT-FH89085,725
Eynhallow,GBT-FH89086,2545
Eynhallow,GBT-FH89088,645
Eynhallow,GBT-FH89089,2100
Eynhallow,GBT-FH89090,648
Eynhallow,GBT-FH89091,642
Eynhallow,GBT-FH89093,3073
Eynhallow,GBT-FH89095,633
Eynhallow,GBT-FH89096,649
Eynhallow,GBT-FH89099,1567
Eynhallow,GBT-FH89102,2098
Eynhallow,GBT-FH89108,1026
Eynhallow,GBT-FP05006,1457
Eynhallow,GBT-FP05013,2954
Eynhallow,GBT-FP05030,1366
Eynhallow,GBT-FP05078,1274
Eynhallow,GBT-FP05082,288
Eynhallow,GBT-FP05091,2789
Eynhallow,GBT-FP05130,278
Eynhallow,GBT-FP05132,718
Eynhallow,GBT-FP05134,2103
Eynhallow,GBT-FP05135,1450
Eynhallow,GBT-FP05150,635
Eynhallow,GBT-FP05183,3652
Eynhallow,GBT-FP05192,1256
Eynhallow,GBT-FP05203,1347
Eynhallow,GBT-FP05205,635
Eynhallow,GBT-FP05208,1357
Eynhallow,GBT-FP05214,2006
Eynhallow,GBT-FP05222,639
Eynhallow,GBT-FP05224,647
Eynhallow,GBT-FP05229,642
Eynhallow,GBT-FP05231,645
Eynhallow,GBT-FP05238,4998
Eynhallow,GBT-FP05438,1673
Eynhallow,GBT-FP96010,1347
Eynhallow,GBT-FP96018,1251
Eynhallow,GBT-FP96027,634
Eynhallow,GBT-FP96037,2701
Eynhallow,GBT-FP96044,1098
Eynhallow,GBT-FP96045,425
Eynhallow,GBT-FP96054,4820
Eynhallow,GBT-FP96057,637
Eynhallow,GBT-FP96064,689
Eynhallow,GBT-FP96075,1366
Eynhallow,GBT-FP96076,1195
Eynhallow,GBT-FP96077,633
Eynhallow,GBT-FP96078,633
Eynhallow,GBT-FP96123,641
Eynhallow,GBT-FP96129,2443
Eynhallow,GBT-FP96139,2108
Eynhallow,GBT-FP96147,1459
Eynhallow,GBT-FP96151,3173
Eynhallow,GBT-FP96152,1470
Eynhallow,GBT-FP96155,2210
Eynhallow,GBT-FP96156,259
Eynhallow,GBT-FP96157,846
Eynhallow,GBT-FP96158,540
Eynhallow,GBT-FP96159,2821
Eynhallow,GBT-FP96160,427
Eynhallow,GBT-FP96161,1354
Eynhallow,GBT-FP96162,2797
Eynhallow,GBT-FP96186,718
Eynhallow,GBT-FP96193,1171
Eynhallow,GBT-FP96194,3574
Eynhallow,GBT-FP96195,4191
Eynhallow,GBT-FP96196,4351
Eynhallow,GBT-FP96197,3977
Eynhallow,GBT-FP96199,6103
Eynhallow,GBT-FP96200,632
Eynhallow,GBT-FP96218,2019
Eynhallow,GBT-FP96219,2934
Eynhallow,GBT-FP96220,1362
Eynhallow,GBT-FP96224,3925
Eynhallow,GBT-FP96225,2187
Eynhallow,GBT-FP96226,1364
Eynhallow,GBT-FP96227,623
Eynhallow,GBT-FP96228,1347
Eynhallow,GBT-FP96234,1962
Eynhallow,GBT-FP96235,634
Eynhallow,GBT-FP96288,635
Eynhallow,GBT-FP96304,702
Eynhallow,GBT-FP96312,113
Eynhallow,GBT-FP96325,643
Eynhallow,GBT-FP96328,2420
Eynhallow,GBT-FP96329,5644
Eynhallow,GBT-FP96332,633
Eynhallow,GBT-FP96344,2971
Eynhallow,GBT-FP96361,1376
Eynhallow,GBT-FP96377,1036
Eynhallow,GBT-FP96378,1255
Eynhallow,GBT-FP96381,2841
Eynhallow,GBT-FP96399,4094
Eynhallow,GBT-FP96400,4297
Eynhallow,GBT-FP96491,519
Eynhallow,GBT-FP96492,2623
Eynhallow,GBT-FP96493,1369
Eynhallow,GBT-FP96494,639
Eynhallow,GBT-FP96498,634
Eynhallow,GBT-FP96500,1895
Eynhallow,GBT-FR77703,1364
Eynhallow,GBT-FR77804,3647
Eynhallow,GBT-FR77822,1351
Eynhallow,GBT-FR77883,101
Eynhallow,GBT-FR77890,2827
Eynhallow,GBT-FR77984,630
Eynhallow,GBT-FR77985,731
Eynhallow,GBT-FS68841,717
Faroe Islands,DKC-4074923,638
Faroe Islands,DKC-4294430,637
Faroe Islands,DKC-4294439,1331
Faroe Islands,DKC-4294440,635
Faroe Islands,DKC-4294442,347
Faroe Islands,DKC-4294448,1345
Faroe Islands,DKC-4294450,637
Faroe Islands,DKC-4298152,635
Faroe Islands,DKC-4298251,1870
Faroe Islands,DKC-4298255,647
Faroe Islands,DKC-4298258,644
Faroe Islands,DKC-4298263,648
Faroe Islands,DKC-4F-3042,615
Faroe Islands,DKC-4F0156,1382
Faroe Islands,DKC-4F0158,1382
Faroe Islands,DKC-4F0160,645
Faroe Islands,DKC-4F0161,1377
Faroe Islands,DKC-4F0164,1376
Faroe Islands,DKC-4F0166,1379
Faroe Islands,DKC-4F0167,643
Faroe Islands,DKC-4F0168,654
Faroe Islands,DKC-4F0169,646
Inishkea,GBT-FH15526,1448
Inishkea,GBT-FH15698,1443
Inishkea,GBT-FH78391,1450
Inishkea,GBT-FH78393,1449
Isle of Canna,GBT-FH49405,1353
Isle of Canna,GBT-FH49407,650
Isle of Canna,GBT-FH49494,649
Isle of Canna,GBT-FP29405,543
Isle of Canna,GBT-FP41256,409
Isle of Canna,GBT-FP48025,653
Isle of Canna,GBT-FP48027,653
Isle of Canna,GBT-FP84411,1359
Jan Mayen,NOS-4181597,736
Jan Mayen,NOS-4181600,509
Jan Mayen,NOS-4181602,4919
Jan Mayen,NOS-4181604,2381
Jan Mayen,NOS-4181605,1286
Jan Mayen,NOS-4181606,1269
Jan Mayen,NOS-4181607,2470
Jan Mayen,NOS-4181608,3438
Jan Mayen,NOS-4181610,3422
Jan Mayen,NOS-4181611,471
Jan Mayen,NOS-4181612,1103
Jan Mayen,NOS-4181614,471
Jan Mayen,NOS-4181615,1988
Jan Mayen,NOS-4181617,474
Jan Mayen,NOS-4181620,1266
Jan Mayen,NOS-4181621,2047
Jan Mayen,NOS-4181622,1937
Jan Mayen,NOS-4181623,4130
Jan Mayen,NOS-4181624,2749
Jan Mayen,NOS-4181625,2754
Jan Mayen,NOS-4181626,2368
Jan Mayen,NOS-4181627,479
Jan Mayen,NOS-4181628,534
Jan Mayen,NOS-4181629,3438
Jan Mayen,NOS-4181630,2710
Jan Mayen,NOS-4181631,1980
Jan Mayen,NOS-4181632,1243
Jan Mayen,NOS-4181633,2600
Jan Mayen,NOS-4181634,1016
Jan Mayen,NOS-4181636,1225
Jan Mayen,NOS-4181637,1326
Jan Mayen,NOS-4181638,1203
Jan Mayen,NOS-4181639,1799
Jan Mayen,NOS-4181640,1955
Jan Mayen,NOS-4181641,1202
Jan Mayen,NOS-4181642,1918
Jan Mayen,NOS-4181644,1318
Jan Mayen,NOS-4181645,1209
Jan Mayen,NOS-4181646,1965
Jan Mayen,NOS-4181647,1853
Jan Mayen,NOS-4181650,2572
Jan Mayen,NOS-4181651,1237
Jan Mayen,NOS-4181654,520
Jan Mayen,NOS-4181655,1233
Jan Mayen,NOS-4181657,1285
Jan Mayen,NOS-4181661,1269
Jan Mayen,NOS-4181662,1128
Jan Mayen,NOS-4181663,378
Jan Mayen,NOS-4181664,2702
Jan Mayen,NOS-4181665,568
Jan Mayen,NOS-4181666,2005
Jan Mayen,NOS-4181667,511
Jan Mayen,NOS-4181668,486
Jan Mayen,NOS-4181670,514
Jan Mayen,NOS-4181674,1273
Jarsteinen,NOS-4104835,2206
Jarsteinen,NOS-4207468,1440
Jarsteinen,NOS-4221715,2820
Jarsteinen,NOS-4241937,1349
Jarsteinen,NOS-4262401,1437
Jarsteinen,NOS-4262415,1376
Jarsteinen,NOS-4262538,1379
Jarsteinen,NOS-4262541,1379
Jarsteinen,NOS-4262801,650
Jarsteinen,NOS-4262804,730
Jarsteinen,NOS-4262952,654
Jarsteinen,NOS-4264093,2816
Jarsteinen,NOS-4264390,1459
Jarsteinen,NOS-4264403,696
Jarsteinen,NOS-4264405,1425
Langanes,ISR-339226,2020
Langanes,ISR-339245,1277
Langanes,ISR-339246,2008
Little Saltee,GBT-FA88604,1456
Little Saltee,GBT-FB25124,716
Little Saltee,GBT-FB25128,704
Little Saltee,GBT-FB25130,656
Little Saltee,GBT-FB25133,711
Little Saltee,GBT-FB25141,654
Little Saltee,GBT-FH15572,688
Little Saltee,GBT-FH78306,715
Little Saltee,GBT-FH78356,654
Little Saltee,GBT-FH78367,1441
Little Saltee,GBT-FJ59505,656
Little Saltee,GBT-FJ59507,655
Little Saltee,GBT-FP14812,1442
Little Saltee,GBT-FP14834,647
Little Saltee,GBT-FP14869,712
Little Saltee,GBT-FP14991,1443
Little Saltee,GBT-FP14999,635
Little Saltee,GBT-FP40312,718
Little Saltee,GBT-FP40344,707
Little Saltee,GBT-FP40362,655
Little Saltee,GBT-FP40378,712
Little Saltee,GBT-FP40433,712
Little Saltee,GBT-FP64331,655
Little Saltee,GBT-FP64357,1454
Little Saltee,GBT-FP64364,1360
Little Saltee,GBT-FP64367,636
Little Saltee,GBT-FR18053,1456
Little Saltee,GBT-FR18074,716
Little Saltee,GBT-FR18354,707
Little Saltee,GBT-FV46558,711
Little Saltee,GBT-FV46572,708
Little Saltee,GBT-FV46799,701
Skjalfandi,ISR-336161,4307
Skjalfandi,ISR-336163,4292
Skjalfandi,ISR-336166,3532
Skjalfandi,ISR-336167,1253
Skjalfandi,ISR-336176,1656
Skjalfandi,ISR-336179,703
Skjalfandi,ISR-339217,3457
Skjalfandi,ISR-339220,631
Skjalfandi,ISR-339222,1408
Skjalfandi,ISR-339223,1977
Skjalfandi,ISR-339227,4242
Skjalfandi,ISR-339229,4204
Skjalfandi,ISR-339230,528
Skjalfandi,ISR-339231,3586
Skjalfandi,ISR-339233,2866
Skjalfandi,ISR-339234,4240
Skjalfandi,ISR-339235,3521
Skjalfandi,ISR-339237,577
Skjalfandi,ISR-339238,2785
Skjalfandi,ISR-339239,626
Skjalfandi,ISR-339240,3521
Skjalfandi,ISR-339242,606
Skjalfandi,ISR-339243,578
Skjalfandi,ISR-339244,534
Skjalfandi,ISR-339248,1364
Skjalfandi,ISR-340703,4120
Skjalfandi,ISR-340709,2131
Skjalfandi,ISR-340719,4173
Skjalfandi,ISR-340721,2732
Skjalfandi,ISR-340732,3433
Skjalfandi,ISR-340758,4976
Skjalfandi,ISR-340760,2126
Skjalfandi,ISR-340761,2852
Skjalfandi,ISR-340770,2008
Skjalfandi,ISR-340772,2096
Skjalfandi,ISR-340790,4268
Skjalfandi,ISR-340800,3449
Skjalfandi,ISR-341696,2698
Skjalfandi,ISR-341697,2017
Skjalfandi,ISR-341698,687
Skjalfandi,ISR-341701,3498
Skjalfandi,ISR-341703,3588
Skjalfandi,ISR-341704,402
Skjalfandi,ISR-341712,2078
Skjalfandi,ISR-350701,625
Skjalfandi,ISR-350703,695
Skjalfandi,ISR-350704,645
Skjalfandi,ISR-350706,634
Skjalfandi,ISR-350708,2112
Skjalfandi,ISR-350710,550
Skjalfandi,ISR-350711,403
Skjalfandi,ISR-350713,552
Skjalfandi,ISR-350720,591
Skjalfandi,ISR-350725,588
